"AÑO","CENTRAL","CENTRAL DESCRIPCIÓN","MAQUINA","FUENTE DE ENERGÍA","REGIÓN","PROVINCIA","MES","ENERGÍA GENERADA [GWh]","Nueva Generación"
2011,"DEMANDA MEM","DEMANDA MEM","DEMANDA MEM","DEMANDA MEM","DEMANDA MEM","DEMANDA MEM","ene-11",10226.2175,"Demanda"
2011,"DEMANDA MEM","DEMANDA MEM","DEMANDA MEM","DEMANDA MEM","DEMANDA MEM","DEMANDA MEM","feb-11",9129.2814,"Demanda"
2011,"DEMANDA MEM","DEMANDA MEM","DEMANDA MEM","DEMANDA MEM","DEMANDA MEM","DEMANDA MEM","mar-11",9862.6251,"Demanda"
2011,"DEMANDA MEM","DEMANDA MEM","DEMANDA MEM","DEMANDA MEM","DEMANDA MEM","DEMANDA MEM","abr-11",8917.8117,"Demanda"
2011,"DEMANDA MEM","DEMANDA MEM","DEMANDA MEM","DEMANDA MEM","DEMANDA MEM","DEMANDA MEM","may-11",9560.3544,"Demanda"
2011,"DEMANDA MEM","DEMANDA MEM","DEMANDA MEM","DEMANDA MEM","DEMANDA MEM","DEMANDA MEM","jun-11",10135.7983,"Demanda"
2011,"DEMANDA MEM","DEMANDA MEM","DEMANDA MEM","DEMANDA MEM","DEMANDA MEM","DEMANDA MEM","jul-11",10566.4119,"Demanda"
2011,"DEMANDA MEM","DEMANDA MEM","DEMANDA MEM","DEMANDA MEM","DEMANDA MEM","DEMANDA MEM","ago-11",10328.2716,"Demanda"
2011,"DEMANDA MEM","DEMANDA MEM","DEMANDA MEM","DEMANDA MEM","DEMANDA MEM","DEMANDA MEM","sept-11",9095.3449,"Demanda"
2011,"DEMANDA MEM","DEMANDA MEM","DEMANDA MEM","DEMANDA MEM","DEMANDA MEM","DEMANDA MEM","oct-11",9062.3889,"Demanda"
2011,"DEMANDA MEM","DEMANDA MEM","DEMANDA MEM","DEMANDA MEM","DEMANDA MEM","DEMANDA MEM","nov-11",9505.9377,"Demanda"
2011,"DEMANDA MEM","DEMANDA MEM","DEMANDA MEM","DEMANDA MEM","DEMANDA MEM","DEMANDA MEM","dic-11",10116.6689,"Demanda"
2012,"DEMANDA MEM","DEMANDA MEM","DEMANDA MEM","DEMANDA MEM","DEMANDA MEM","DEMANDA MEM","ene-12",10806.7516,"Demanda"
2012,"DEMANDA MEM","DEMANDA MEM","DEMANDA MEM","DEMANDA MEM","DEMANDA MEM","DEMANDA MEM","feb-12",10089.2,"Demanda"
2012,"DEMANDA MEM","DEMANDA MEM","DEMANDA MEM","DEMANDA MEM","DEMANDA MEM","DEMANDA MEM","mar-12",10178.202,"Demanda"
2012,"DEMANDA MEM","DEMANDA MEM","DEMANDA MEM","DEMANDA MEM","DEMANDA MEM","DEMANDA MEM","abr-12",8970.0839,"Demanda"
2012,"DEMANDA MEM","DEMANDA MEM","DEMANDA MEM","DEMANDA MEM","DEMANDA MEM","DEMANDA MEM","may-12",9601.7025,"Demanda"
2012,"DEMANDA MEM","DEMANDA MEM","DEMANDA MEM","DEMANDA MEM","DEMANDA MEM","DEMANDA MEM","jun-12",10296.978,"Demanda"
2012,"DEMANDA MEM","DEMANDA MEM","DEMANDA MEM","DEMANDA MEM","DEMANDA MEM","DEMANDA MEM","jul-12",11071.7905,"Demanda"
2012,"DEMANDA MEM","DEMANDA MEM","DEMANDA MEM","DEMANDA MEM","DEMANDA MEM","DEMANDA MEM","ago-12",10408.3473,"Demanda"
2012,"DEMANDA MEM","DEMANDA MEM","DEMANDA MEM","DEMANDA MEM","DEMANDA MEM","DEMANDA MEM","sept-12",9338.6128,"Demanda"
2012,"DEMANDA MEM","DEMANDA MEM","DEMANDA MEM","DEMANDA MEM","DEMANDA MEM","DEMANDA MEM","oct-12",9609.4728,"Demanda"
2012,"DEMANDA MEM","DEMANDA MEM","DEMANDA MEM","DEMANDA MEM","DEMANDA MEM","DEMANDA MEM","nov-12",10031.4044,"Demanda"
2012,"DEMANDA MEM","DEMANDA MEM","DEMANDA MEM","DEMANDA MEM","DEMANDA MEM","DEMANDA MEM","dic-12",10824.3282,"Demanda"
2013,"DEMANDA MEM","DEMANDA MEM","DEMANDA MEM","DEMANDA MEM","DEMANDA MEM","DEMANDA MEM","ene-13",11136.9205,"Demanda"
2013,"DEMANDA MEM","DEMANDA MEM","DEMANDA MEM","DEMANDA MEM","DEMANDA MEM","DEMANDA MEM","feb-13",9834.7648,"Demanda"
2013,"DEMANDA MEM","DEMANDA MEM","DEMANDA MEM","DEMANDA MEM","DEMANDA MEM","DEMANDA MEM","mar-13",9756.7989,"Demanda"
2013,"DEMANDA MEM","DEMANDA MEM","DEMANDA MEM","DEMANDA MEM","DEMANDA MEM","DEMANDA MEM","abr-13",9308.1871,"Demanda"
2013,"DEMANDA MEM","DEMANDA MEM","DEMANDA MEM","DEMANDA MEM","DEMANDA MEM","DEMANDA MEM","may-13",10232.8254,"Demanda"
2013,"DEMANDA MEM","DEMANDA MEM","DEMANDA MEM","DEMANDA MEM","DEMANDA MEM","DEMANDA MEM","jun-13",10360.5372,"Demanda"
2013,"DEMANDA MEM","DEMANDA MEM","DEMANDA MEM","DEMANDA MEM","DEMANDA MEM","DEMANDA MEM","jul-13",11156.1734,"Demanda"
2013,"DEMANDA MEM","DEMANDA MEM","DEMANDA MEM","DEMANDA MEM","DEMANDA MEM","DEMANDA MEM","ago-13",10904.4792,"Demanda"
2013,"DEMANDA MEM","DEMANDA MEM","DEMANDA MEM","DEMANDA MEM","DEMANDA MEM","DEMANDA MEM","sept-13",10195.873,"Demanda"
2013,"DEMANDA MEM","DEMANDA MEM","DEMANDA MEM","DEMANDA MEM","DEMANDA MEM","DEMANDA MEM","oct-13",10045.7156,"Demanda"
2013,"DEMANDA MEM","DEMANDA MEM","DEMANDA MEM","DEMANDA MEM","DEMANDA MEM","DEMANDA MEM","nov-13",10015.7017,"Demanda"
2013,"DEMANDA MEM","DEMANDA MEM","DEMANDA MEM","DEMANDA MEM","DEMANDA MEM","DEMANDA MEM","dic-13",12291.2865,"Demanda"
2014,"DEMANDA MEM","DEMANDA MEM","DEMANDA MEM","DEMANDA MEM","DEMANDA MEM","DEMANDA MEM","ene-14",12004.3424,"Demanda"
2014,"DEMANDA MEM","DEMANDA MEM","DEMANDA MEM","DEMANDA MEM","DEMANDA MEM","DEMANDA MEM","feb-14",9823.9682,"Demanda"
2014,"DEMANDA MEM","DEMANDA MEM","DEMANDA MEM","DEMANDA MEM","DEMANDA MEM","DEMANDA MEM","mar-14",9789.7988,"Demanda"
2014,"DEMANDA MEM","DEMANDA MEM","DEMANDA MEM","DEMANDA MEM","DEMANDA MEM","DEMANDA MEM","abr-14",9595.3743,"Demanda"
2014,"DEMANDA MEM","DEMANDA MEM","DEMANDA MEM","DEMANDA MEM","DEMANDA MEM","DEMANDA MEM","may-14",10409.105,"Demanda"
2014,"DEMANDA MEM","DEMANDA MEM","DEMANDA MEM","DEMANDA MEM","DEMANDA MEM","DEMANDA MEM","jun-14",10901.715,"Demanda"
2014,"DEMANDA MEM","DEMANDA MEM","DEMANDA MEM","DEMANDA MEM","DEMANDA MEM","DEMANDA MEM","jul-14",11363.9421,"Demanda"
2014,"DEMANDA MEM","DEMANDA MEM","DEMANDA MEM","DEMANDA MEM","DEMANDA MEM","DEMANDA MEM","ago-14",10490.6824,"Demanda"
2014,"DEMANDA MEM","DEMANDA MEM","DEMANDA MEM","DEMANDA MEM","DEMANDA MEM","DEMANDA MEM","sept-14",9807.5442,"Demanda"
2014,"DEMANDA MEM","DEMANDA MEM","DEMANDA MEM","DEMANDA MEM","DEMANDA MEM","DEMANDA MEM","oct-14",10706.4931,"Demanda"
2014,"DEMANDA MEM","DEMANDA MEM","DEMANDA MEM","DEMANDA MEM","DEMANDA MEM","DEMANDA MEM","nov-14",10344.7367,"Demanda"
2014,"DEMANDA MEM","DEMANDA MEM","DEMANDA MEM","DEMANDA MEM","DEMANDA MEM","DEMANDA MEM","dic-14",11229.3778,"Demanda"
2015,"DEMANDA MEM","DEMANDA MEM","DEMANDA MEM","DEMANDA MEM","DEMANDA MEM","DEMANDA MEM","ene-15",11706.1901,"Demanda"
2015,"DEMANDA MEM","DEMANDA MEM","DEMANDA MEM","DEMANDA MEM","DEMANDA MEM","DEMANDA MEM","feb-15",10665.0866,"Demanda"
2015,"DEMANDA MEM","DEMANDA MEM","DEMANDA MEM","DEMANDA MEM","DEMANDA MEM","DEMANDA MEM","mar-15",11548.5271,"Demanda"
2015,"DEMANDA MEM","DEMANDA MEM","DEMANDA MEM","DEMANDA MEM","DEMANDA MEM","DEMANDA MEM","abr-15",10026.4348,"Demanda"
2015,"DEMANDA MEM","DEMANDA MEM","DEMANDA MEM","DEMANDA MEM","DEMANDA MEM","DEMANDA MEM","may-15",10467.6337,"Demanda"
2015,"DEMANDA MEM","DEMANDA MEM","DEMANDA MEM","DEMANDA MEM","DEMANDA MEM","DEMANDA MEM","jun-15",11254.4197,"Demanda"
2015,"DEMANDA MEM","DEMANDA MEM","DEMANDA MEM","DEMANDA MEM","DEMANDA MEM","DEMANDA MEM","jul-15",11907.3619,"Demanda"
2015,"DEMANDA MEM","DEMANDA MEM","DEMANDA MEM","DEMANDA MEM","DEMANDA MEM","DEMANDA MEM","ago-15",11130.2628,"Demanda"
2015,"DEMANDA MEM","DEMANDA MEM","DEMANDA MEM","DEMANDA MEM","DEMANDA MEM","DEMANDA MEM","sept-15",10552.9032,"Demanda"
2015,"DEMANDA MEM","DEMANDA MEM","DEMANDA MEM","DEMANDA MEM","DEMANDA MEM","DEMANDA MEM","oct-15",10722.1744,"Demanda"
2015,"DEMANDA MEM","DEMANDA MEM","DEMANDA MEM","DEMANDA MEM","DEMANDA MEM","DEMANDA MEM","nov-15",10219.1895,"Demanda"
2015,"DEMANDA MEM","DEMANDA MEM","DEMANDA MEM","DEMANDA MEM","DEMANDA MEM","DEMANDA MEM","dic-15",11909.4356,"Demanda"
2016,"DEMANDA MEM","DEMANDA MEM","DEMANDA MEM","DEMANDA MEM","DEMANDA MEM","DEMANDA MEM","ene-16",12344.9118,"Demanda"
2016,"DEMANDA MEM","DEMANDA MEM","DEMANDA MEM","DEMANDA MEM","DEMANDA MEM","DEMANDA MEM","feb-16",11731.8451,"Demanda"
2016,"DEMANDA MEM","DEMANDA MEM","DEMANDA MEM","DEMANDA MEM","DEMANDA MEM","DEMANDA MEM","mar-16",10461.4759,"Demanda"
2016,"DEMANDA MEM","DEMANDA MEM","DEMANDA MEM","DEMANDA MEM","DEMANDA MEM","DEMANDA MEM","abr-16",10292.0009,"Demanda"
2016,"DEMANDA MEM","DEMANDA MEM","DEMANDA MEM","DEMANDA MEM","DEMANDA MEM","DEMANDA MEM","may-16",11358.0116,"Demanda"
2016,"DEMANDA MEM","DEMANDA MEM","DEMANDA MEM","DEMANDA MEM","DEMANDA MEM","DEMANDA MEM","jun-16",11812.947,"Demanda"
2016,"DEMANDA MEM","DEMANDA MEM","DEMANDA MEM","DEMANDA MEM","DEMANDA MEM","DEMANDA MEM","jul-16",11929.6454,"Demanda"
2016,"DEMANDA MEM","DEMANDA MEM","DEMANDA MEM","DEMANDA MEM","DEMANDA MEM","DEMANDA MEM","ago-16",10855.442,"Demanda"
2016,"DEMANDA MEM","DEMANDA MEM","DEMANDA MEM","DEMANDA MEM","DEMANDA MEM","DEMANDA MEM","sept-16",10382.0811,"Demanda"
2016,"DEMANDA MEM","DEMANDA MEM","DEMANDA MEM","DEMANDA MEM","DEMANDA MEM","DEMANDA MEM","oct-16",9956.0389,"Demanda"
2016,"DEMANDA MEM","DEMANDA MEM","DEMANDA MEM","DEMANDA MEM","DEMANDA MEM","DEMANDA MEM","nov-16",10132.5406,"Demanda"
2016,"DEMANDA MEM","DEMANDA MEM","DEMANDA MEM","DEMANDA MEM","DEMANDA MEM","DEMANDA MEM","dic-16",11853.8544,"Demanda"
2017,"DEMANDA MEM","DEMANDA MEM","DEMANDA MEM","DEMANDA MEM","DEMANDA MEM","DEMANDA MEM","ene-17",12524.8656,"Demanda"
2017,"DEMANDA MEM","DEMANDA MEM","DEMANDA MEM","DEMANDA MEM","DEMANDA MEM","DEMANDA MEM","feb-17",11074.9065,"Demanda"
2017,"DEMANDA MEM","DEMANDA MEM","DEMANDA MEM","DEMANDA MEM","DEMANDA MEM","DEMANDA MEM","mar-17",11122.2316,"Demanda"
2017,"DEMANDA MEM","DEMANDA MEM","DEMANDA MEM","DEMANDA MEM","DEMANDA MEM","DEMANDA MEM","abr-17",9793.7586,"Demanda"
2017,"DEMANDA MEM","DEMANDA MEM","DEMANDA MEM","DEMANDA MEM","DEMANDA MEM","DEMANDA MEM","may-17",10795.2134,"Demanda"
2017,"DEMANDA MEM","DEMANDA MEM","DEMANDA MEM","DEMANDA MEM","DEMANDA MEM","DEMANDA MEM","jun-17",11359.3307,"Demanda"
2017,"DEMANDA MEM","DEMANDA MEM","DEMANDA MEM","DEMANDA MEM","DEMANDA MEM","DEMANDA MEM","jul-17",11796.4258,"Demanda"
2017,"DEMANDA MEM","DEMANDA MEM","DEMANDA MEM","DEMANDA MEM","DEMANDA MEM","DEMANDA MEM","ago-17",11107.2507,"Demanda"
2017,"DEMANDA MEM","DEMANDA MEM","DEMANDA MEM","DEMANDA MEM","DEMANDA MEM","DEMANDA MEM","sept-17",10348.5845,"Demanda"
2017,"DEMANDA MEM","DEMANDA MEM","DEMANDA MEM","DEMANDA MEM","DEMANDA MEM","DEMANDA MEM","oct-17",10227.3293,"Demanda"
2017,"DEMANDA MEM","DEMANDA MEM","DEMANDA MEM","DEMANDA MEM","DEMANDA MEM","DEMANDA MEM","nov-17",10355.7275,"Demanda"
2017,"DEMANDA MEM","DEMANDA MEM","DEMANDA MEM","DEMANDA MEM","DEMANDA MEM","DEMANDA MEM","dic-17",12024.5955,"Demanda"
2018,"DEMANDA MEM","DEMANDA MEM","DEMANDA MEM","DEMANDA MEM","DEMANDA MEM","DEMANDA MEM","ene-18",12350.1833,"Demanda"
2018,"DEMANDA MEM","DEMANDA MEM","DEMANDA MEM","DEMANDA MEM","DEMANDA MEM","DEMANDA MEM","feb-18",11404.2029,"Demanda"
2018,"DEMANDA MEM","DEMANDA MEM","DEMANDA MEM","DEMANDA MEM","DEMANDA MEM","DEMANDA MEM","mar-18",11247.2421,"Demanda"
2018,"DEMANDA MEM","DEMANDA MEM","DEMANDA MEM","DEMANDA MEM","DEMANDA MEM","DEMANDA MEM","abr-18",10493.3146,"Demanda"
2018,"DEMANDA MEM","DEMANDA MEM","DEMANDA MEM","DEMANDA MEM","DEMANDA MEM","DEMANDA MEM","may-18",10665.4615,"Demanda"
2018,"DEMANDA MEM","DEMANDA MEM","DEMANDA MEM","DEMANDA MEM","DEMANDA MEM","DEMANDA MEM","jun-18",11925.9125,"Demanda"
2018,"DEMANDA MEM","DEMANDA MEM","DEMANDA MEM","DEMANDA MEM","DEMANDA MEM","DEMANDA MEM","jul-18",12607.5527,"Demanda"
2018,"DEMANDA MEM","DEMANDA MEM","DEMANDA MEM","DEMANDA MEM","DEMANDA MEM","DEMANDA MEM","ago-18",11721.3051,"Demanda"
2018,"DEMANDA MEM","DEMANDA MEM","DEMANDA MEM","DEMANDA MEM","DEMANDA MEM","DEMANDA MEM","sept-18",9792.3691,"Demanda"
2018,"DEMANDA MEM","DEMANDA MEM","DEMANDA MEM","DEMANDA MEM","DEMANDA MEM","DEMANDA MEM","oct-18",9904.2187,"Demanda"
2018,"DEMANDA MEM","DEMANDA MEM","DEMANDA MEM","DEMANDA MEM","DEMANDA MEM","DEMANDA MEM","nov-18",10035.1494,"Demanda"
2018,"DEMANDA MEM","DEMANDA MEM","DEMANDA MEM","DEMANDA MEM","DEMANDA MEM","DEMANDA MEM","dic-18",10863.0125,"Demanda"
2019,"DEMANDA MEM","DEMANDA MEM","DEMANDA MEM","DEMANDA MEM","DEMANDA MEM","DEMANDA MEM","ene-19",11698.8204,"Demanda"
2019,"DEMANDA MEM","DEMANDA MEM","DEMANDA MEM","DEMANDA MEM","DEMANDA MEM","DEMANDA MEM","feb-19",10706.9553,"Demanda"
2019,"DEMANDA MEM","DEMANDA MEM","DEMANDA MEM","DEMANDA MEM","DEMANDA MEM","DEMANDA MEM","mar-19",10120.0579,"Demanda"
2019,"DEMANDA MEM","DEMANDA MEM","DEMANDA MEM","DEMANDA MEM","DEMANDA MEM","DEMANDA MEM","abr-19",9572.1306,"Demanda"
2019,"DEMANDA MEM","DEMANDA MEM","DEMANDA MEM","DEMANDA MEM","DEMANDA MEM","DEMANDA MEM","may-19",10382.0622,"Demanda"
2019,"DEMANDA MEM","DEMANDA MEM","DEMANDA MEM","DEMANDA MEM","DEMANDA MEM","DEMANDA MEM","jun-19",10649.8545,"Demanda"
2019,"DEMANDA MEM","DEMANDA MEM","DEMANDA MEM","DEMANDA MEM","DEMANDA MEM","DEMANDA MEM","jul-19",12004.2102,"Demanda"
2019,"DEMANDA MEM","DEMANDA MEM","DEMANDA MEM","DEMANDA MEM","DEMANDA MEM","DEMANDA MEM","ago-19",11465.4833,"Demanda"
2019,"DEMANDA MEM","DEMANDA MEM","DEMANDA MEM","DEMANDA MEM","DEMANDA MEM","DEMANDA MEM","sept-19",10218.0878,"Demanda"
2019,"DEMANDA MEM","DEMANDA MEM","DEMANDA MEM","DEMANDA MEM","DEMANDA MEM","DEMANDA MEM","oct-19",10380.6869,"Demanda"
2019,"DEMANDA MEM","DEMANDA MEM","DEMANDA MEM","DEMANDA MEM","DEMANDA MEM","DEMANDA MEM","nov-19",10559.9662,"Demanda"
2019,"DEMANDA MEM","DEMANDA MEM","DEMANDA MEM","DEMANDA MEM","DEMANDA MEM","DEMANDA MEM","dic-19",11187.7427,"Demanda"
2020,"DEMANDA MEM","DEMANDA MEM","DEMANDA MEM","DEMANDA MEM","DEMANDA MEM","DEMANDA MEM","ene-20",11993.8671,"Demanda"
2020,"DEMANDA MEM","DEMANDA MEM","DEMANDA MEM","DEMANDA MEM","DEMANDA MEM","DEMANDA MEM","feb-20",10843.4744,"Demanda"
2020,"DEMANDA MEM","DEMANDA MEM","DEMANDA MEM","DEMANDA MEM","DEMANDA MEM","DEMANDA MEM","mar-20",11144.2322,"Demanda"
2020,"DEMANDA MEM","DEMANDA MEM","DEMANDA MEM","DEMANDA MEM","DEMANDA MEM","DEMANDA MEM","abr-20",8537.2004,"Demanda"
2020,"DEMANDA MEM","DEMANDA MEM","DEMANDA MEM","DEMANDA MEM","DEMANDA MEM","DEMANDA MEM","may-20",9617.3282,"Demanda"
2020,"DEMANDA MEM","DEMANDA MEM","DEMANDA MEM","DEMANDA MEM","DEMANDA MEM","DEMANDA MEM","jun-20",10781.7149,"Demanda"
2020,"DEMANDA MEM","DEMANDA MEM","DEMANDA MEM","DEMANDA MEM","DEMANDA MEM","DEMANDA MEM","jul-20",12183.8526,"Demanda"
2020,"DEMANDA MEM","DEMANDA MEM","DEMANDA MEM","DEMANDA MEM","DEMANDA MEM","DEMANDA MEM","ago-20",10728.3792,"Demanda"
2020,"DEMANDA MEM","DEMANDA MEM","DEMANDA MEM","DEMANDA MEM","DEMANDA MEM","DEMANDA MEM","sept-20",10045.0229,"Demanda"
2020,"DEMANDA MEM","DEMANDA MEM","DEMANDA MEM","DEMANDA MEM","DEMANDA MEM","DEMANDA MEM","oct-20",10013.844,"Demanda"
2020,"DEMANDA MEM","DEMANDA MEM","DEMANDA MEM","DEMANDA MEM","DEMANDA MEM","DEMANDA MEM","nov-20",10087.8444,"Demanda"
2020,"DEMANDA MEM","DEMANDA MEM","DEMANDA MEM","DEMANDA MEM","DEMANDA MEM","DEMANDA MEM","dic-20",11330.1776,"Demanda"
2021,"DEMANDA MEM","DEMANDA MEM","DEMANDA MEM","DEMANDA MEM","DEMANDA MEM","DEMANDA MEM","ene-21",11941.581,"Demanda"
2021,"DEMANDA MEM","DEMANDA MEM","DEMANDA MEM","DEMANDA MEM","DEMANDA MEM","DEMANDA MEM","feb-21",10090.3893,"Demanda"
2021,"DEMANDA MEM","DEMANDA MEM","DEMANDA MEM","DEMANDA MEM","DEMANDA MEM","DEMANDA MEM","mar-21",11055.2145,"Demanda"
2021,"DEMANDA MEM","DEMANDA MEM","DEMANDA MEM","DEMANDA MEM","DEMANDA MEM","DEMANDA MEM","abr-21",9817.7379,"Demanda"
2021,"DEMANDA MEM","DEMANDA MEM","DEMANDA MEM","DEMANDA MEM","DEMANDA MEM","DEMANDA MEM","may-21",10986.1141,"Demanda"
2021,"DEMANDA MEM","DEMANDA MEM","DEMANDA MEM","DEMANDA MEM","DEMANDA MEM","DEMANDA MEM","jun-21",12053.8042,"Demanda"
2021,"DEMANDA MEM","DEMANDA MEM","DEMANDA MEM","DEMANDA MEM","DEMANDA MEM","DEMANDA MEM","jul-21",12418.9604,"Demanda"
2021,"DEMANDA MEM","DEMANDA MEM","DEMANDA MEM","DEMANDA MEM","DEMANDA MEM","DEMANDA MEM","ago-21",11660.2878,"Demanda"
2021,"DEMANDA MEM","DEMANDA MEM","DEMANDA MEM","DEMANDA MEM","DEMANDA MEM","DEMANDA MEM","sept-21",10374.7941,"Demanda"
2021,"DEMANDA MEM","DEMANDA MEM","DEMANDA MEM","DEMANDA MEM","DEMANDA MEM","DEMANDA MEM","oct-21",10451.3242,"Demanda"
2021,"DEMANDA MEM","DEMANDA MEM","DEMANDA MEM","DEMANDA MEM","DEMANDA MEM","DEMANDA MEM","nov-21",10569.4337,"Demanda"
2021,"DEMANDA MEM","DEMANDA MEM","DEMANDA MEM","DEMANDA MEM","DEMANDA MEM","DEMANDA MEM","dic-21",12457.8455,"Demanda"
2022,"DEMANDA MEM","DEMANDA MEM","DEMANDA MEM","DEMANDA MEM","DEMANDA MEM","DEMANDA MEM","ene-22",13067.6049,"Demanda"
2022,"DEMANDA MEM","DEMANDA MEM","DEMANDA MEM","DEMANDA MEM","DEMANDA MEM","DEMANDA MEM","feb-22",10567.7569,"Demanda"
2022,"DEMANDA MEM","DEMANDA MEM","DEMANDA MEM","DEMANDA MEM","DEMANDA MEM","DEMANDA MEM","mar-22",10881.579,"Demanda"
2022,"DEMANDA MEM","DEMANDA MEM","DEMANDA MEM","DEMANDA MEM","DEMANDA MEM","DEMANDA MEM","abr-22",10147.3641,"Demanda"
2022,"DEMANDA MEM","DEMANDA MEM","DEMANDA MEM","DEMANDA MEM","DEMANDA MEM","DEMANDA MEM","may-22",11727.995,"Demanda"
2022,"DEMANDA MEM","DEMANDA MEM","DEMANDA MEM","DEMANDA MEM","DEMANDA MEM","DEMANDA MEM","jun-22",13074.4704,"Demanda"
2022,"DEMANDA MEM","DEMANDA MEM","DEMANDA MEM","DEMANDA MEM","DEMANDA MEM","DEMANDA MEM","jul-22",12639.6194,"Demanda"
2022,"DEMANDA MEM","DEMANDA MEM","DEMANDA MEM","DEMANDA MEM","DEMANDA MEM","DEMANDA MEM","ago-22",11782.4196,"Demanda"
2022,"DEMANDA MEM","DEMANDA MEM","DEMANDA MEM","DEMANDA MEM","DEMANDA MEM","DEMANDA MEM","sept-22",10314.0002,"Demanda"
2022,"DEMANDA MEM","DEMANDA MEM","DEMANDA MEM","DEMANDA MEM","DEMANDA MEM","DEMANDA MEM","oct-22",10221.2986,"Demanda"
2022,"DEMANDA MEM","DEMANDA MEM","DEMANDA MEM","DEMANDA MEM","DEMANDA MEM","DEMANDA MEM","nov-22",11323.7132,"Demanda"
2022,"DEMANDA MEM","DEMANDA MEM","DEMANDA MEM","DEMANDA MEM","DEMANDA MEM","DEMANDA MEM","dic-22",13027.4121,"Demanda"
2023,"DEMANDA MEM","DEMANDA MEM","DEMANDA MEM","DEMANDA MEM","DEMANDA MEM","DEMANDA MEM","ene-23",13593.4826,"Demanda"
2023,"DEMANDA MEM","DEMANDA MEM","DEMANDA MEM","DEMANDA MEM","DEMANDA MEM","DEMANDA MEM","feb-23",11906.2759,"Demanda"
2023,"DEMANDA MEM","DEMANDA MEM","DEMANDA MEM","DEMANDA MEM","DEMANDA MEM","DEMANDA MEM","mar-23",13996.9046,"Demanda"
2023,"DEMANDA MEM","DEMANDA MEM","DEMANDA MEM","DEMANDA MEM","DEMANDA MEM","DEMANDA MEM","abr-23",10046.2125,"Demanda"
2023,"DEMANDA MEM","DEMANDA MEM","DEMANDA MEM","DEMANDA MEM","DEMANDA MEM","DEMANDA MEM","may-23",10815.4697,"Demanda"
2023,"DEMANDA MEM","DEMANDA MEM","DEMANDA MEM","DEMANDA MEM","DEMANDA MEM","DEMANDA MEM","jun-23",12071.7812,"Demanda"
2023,"DEMANDA MEM","DEMANDA MEM","DEMANDA MEM","DEMANDA MEM","DEMANDA MEM","DEMANDA MEM","jul-23",12477.2259,"Demanda"
2023,"DEMANDA MEM","DEMANDA MEM","DEMANDA MEM","DEMANDA MEM","DEMANDA MEM","DEMANDA MEM","ago-23",11756.0005,"Demanda"
2023,"DEMANDA MEM","DEMANDA MEM","DEMANDA MEM","DEMANDA MEM","DEMANDA MEM","DEMANDA MEM","sept-23",10962.2445,"Demanda"
2023,"DEMANDA MEM","DEMANDA MEM","DEMANDA MEM","DEMANDA MEM","DEMANDA MEM","DEMANDA MEM","oct-23",10454.1258,"Demanda"
2023,"DEMANDA MEM","DEMANDA MEM","DEMANDA MEM","DEMANDA MEM","DEMANDA MEM","DEMANDA MEM","nov-23",11040.8111,"Demanda"
2023,"DEMANDA MEM","DEMANDA MEM","DEMANDA MEM","DEMANDA MEM","DEMANDA MEM","DEMANDA MEM","dic-23",11763.004,"Demanda"
2024,"DEMANDA MEM","DEMANDA MEM","DEMANDA MEM","DEMANDA MEM","DEMANDA MEM","DEMANDA MEM","ene-24",13090.207,"Demanda"
2024,"DEMANDA MEM","DEMANDA MEM","DEMANDA MEM","DEMANDA MEM","DEMANDA MEM","DEMANDA MEM","feb-24",12851.1241,"Demanda"
2024,"DEMANDA MEM","DEMANDA MEM","DEMANDA MEM","DEMANDA MEM","DEMANDA MEM","DEMANDA MEM","mar-24",11956.6268,"Demanda"
2024,"DEMANDA MEM","DEMANDA MEM","DEMANDA MEM","DEMANDA MEM","DEMANDA MEM","DEMANDA MEM","abr-24",10004.9212,"Demanda"
2024,"DEMANDA MEM","DEMANDA MEM","DEMANDA MEM","DEMANDA MEM","DEMANDA MEM","DEMANDA MEM","may-24",12213.3385,"Demanda"
2024,"DEMANDA MEM","DEMANDA MEM","DEMANDA MEM","DEMANDA MEM","DEMANDA MEM","DEMANDA MEM","jun-24",11226.2238,"Demanda"
2024,"DEMANDA MEM","DEMANDA MEM","DEMANDA MEM","DEMANDA MEM","DEMANDA MEM","DEMANDA MEM","jul-24",13226.3043,"Demanda"
2024,"DEMANDA MEM","DEMANDA MEM","DEMANDA MEM","DEMANDA MEM","DEMANDA MEM","DEMANDA MEM","ago-24",12171.6066,"Demanda"
2024,"DEMANDA MEM","DEMANDA MEM","DEMANDA MEM","DEMANDA MEM","DEMANDA MEM","DEMANDA MEM","sept-24",10237.1928,"Demanda"
2024,"DEMANDA MEM","DEMANDA MEM","DEMANDA MEM","DEMANDA MEM","DEMANDA MEM","DEMANDA MEM","oct-24",10678.9211,"Demanda"
2024,"DEMANDA MEM","DEMANDA MEM","DEMANDA MEM","DEMANDA MEM","DEMANDA MEM","DEMANDA MEM","nov-24",11065.304,"Demanda"
2024,"DEMANDA MEM","DEMANDA MEM","DEMANDA MEM","DEMANDA MEM","DEMANDA MEM","DEMANDA MEM","dic-24",11505.4346,"Demanda"
2025,"DEMANDA MEM","DEMANDA MEM","DEMANDA MEM","DEMANDA MEM","DEMANDA MEM","DEMANDA MEM","ene-25",13606.2116,"Demanda"
2025,"DEMANDA MEM","DEMANDA MEM","DEMANDA MEM","DEMANDA MEM","DEMANDA MEM","DEMANDA MEM","feb-25",12909.0063,"Demanda"
2025,"DEMANDA MEM","DEMANDA MEM","DEMANDA MEM","DEMANDA MEM","DEMANDA MEM","DEMANDA MEM","mar-25",11654.0649,"Demanda"
2025,"DEMANDA MEM","DEMANDA MEM","DEMANDA MEM","DEMANDA MEM","DEMANDA MEM","DEMANDA MEM","abr-25",9823.5906,"Demanda"
2025,"DEMANDA MEM","DEMANDA MEM","DEMANDA MEM","DEMANDA MEM","DEMANDA MEM","DEMANDA MEM","may-25",10945.2352,"Demanda"
2025,"DEMANDA MEM","DEMANDA MEM","DEMANDA MEM","DEMANDA MEM","DEMANDA MEM","DEMANDA MEM","jun-25",12685.3863,"Demanda"
2025,"DEMANDA MEM","DEMANDA MEM","DEMANDA MEM","DEMANDA MEM","DEMANDA MEM","DEMANDA MEM","jul-25",12902.1442,"Demanda"
2025,"DEMANDA MEM","DEMANDA MEM","DEMANDA MEM","DEMANDA MEM","DEMANDA MEM","DEMANDA MEM","ago-25",11719.3426,"Demanda"
2025,"DEMANDA MEM","DEMANDA MEM","DEMANDA MEM","DEMANDA MEM","DEMANDA MEM","DEMANDA MEM","sept-25",10633.5097,"Demanda"
2025,"DEMANDA MEM","DEMANDA MEM","DEMANDA MEM","DEMANDA MEM","DEMANDA MEM","DEMANDA MEM","oct-25",10585.1194,"Demanda"
2025,"DEMANDA MEM","DEMANDA MEM","DEMANDA MEM","DEMANDA MEM","DEMANDA MEM","DEMANDA MEM","nov-25",10712.3239,"Demanda"
2025,"DEMANDA MEM","DEMANDA MEM","DEMANDA MEM","DEMANDA MEM","DEMANDA MEM","DEMANDA MEM","dic-25",13075.4634,"Demanda"
2026,"DEMANDA MEM","DEMANDA MEM","DEMANDA MEM","DEMANDA MEM","DEMANDA MEM","DEMANDA MEM","ene-26",13145.3745,"Demanda"
2026,"DEMANDA MEM","DEMANDA MEM","DEMANDA MEM","DEMANDA MEM","DEMANDA MEM","DEMANDA MEM","feb-26",11780.6163,"Demanda"
2026,"DEMANDA MEM","DEMANDA MEM","DEMANDA MEM","DEMANDA MEM","DEMANDA MEM","DEMANDA MEM","mar-26",11945.0353,"Demanda"
2026,"DEMANDA MEM","DEMANDA MEM","DEMANDA MEM","DEMANDA MEM","DEMANDA MEM","DEMANDA MEM","abr-26",10579.3807,"Demanda"
2026,"DEMANDA MEM","DEMANDA MEM","DEMANDA MEM","DEMANDA MEM","DEMANDA MEM","DEMANDA MEM","may-26",12151.098,"Demanda"
2026,"DEMANDA MEM","DEMANDA MEM","DEMANDA MEM","DEMANDA MEM","DEMANDA MEM","DEMANDA MEM","jun-26",12627.7626,"Demanda"
2026,"DEMANDA MEM","DEMANDA MEM","DEMANDA MEM","DEMANDA MEM","DEMANDA MEM","DEMANDA MEM","jul-26",13063.2146,"Demanda"
2026,"DEMANDA MEM","DEMANDA MEM","DEMANDA MEM","DEMANDA MEM","DEMANDA MEM","DEMANDA MEM","ago-26",12432.0277,"Demanda"
